insert into "USER" (USERID, LNAME, FNAME, EMAIL) values (1, 'Stevenson', 'Tom', 'S.Tom@gmail.com')
go

insert into "USER" (USERID, LNAME, FNAME, EMAIL) values (2, 'Rnan', 'Smith', 'RonSmith@gmail.com')
go
insert into "USER" (USERID, LNAME, FNAME, EMAIL) values (3, 'Tian', 'Ming', 'T.Ming@gmail.com')
go
insert into "USER" (USERID, LNAME, FNAME, EMAIL) values (4, 'Wallas', 'Billy', 'BillyWallas@gmail.com')
go
insert into "USER" (USERID, LNAME, FNAME, EMAIL) values (5, 'Stevenson', 'Tom', 'S.Tom@gmail.com')
go
insert into "USER" (USERID, LNAME, FNAME, EMAIL) values (6, 'Stevenson', 'Tom', 'S.Tom@gmail.com')
go


insert into "USER" (USERID, LNAME, FNAME, EMAIL) values (7, 'Stevenson', 'Tom', 'S.Tom@gmail.com')
go
insert into "USER" (USERID, LNAME, FNAME, EMAIL) values (8, 'Stevenson', 'Tom', 'S.Tom@gmail.com')
go




insert into TEST (TESTID, TESTCATEGORY, TESTTITLE, TESTNOTE) values (1, 'Programming', 'J2EE programming advanced', 'Test is 2 hour duration about J2EE uksing eclipse')
go

insert into TEST (TESTID, TESTCATEGORY, TESTTITLE, TESTNOTE) values (2, 'Networking', 'TCP/IP Client server design', '3 hours restTest')
go

insert into TEST (TESTID, TESTCATEGORY, TESTTITLE, TESTNOTE) values (3, 'Web Desigh', 'PhP programming', 'Test is 3 hour duration about PHP and Javascript')
go

insert into TEST (TESTID, TESTCATEGORY, TESTTITLE, TESTNOTE) values (4, 'Web Desigh', 'HTML 5 with CCS3', 'This is 3 hour test')
go

insert into TEST (TESTID, TESTCATEGORY, TESTTITLE, TESTNOTE) values (5, 'Programming', 'J2EE programming advanced', 'Test is 2 hour duration about J2EE uksing eclipse')
go

insert into TEST (TESTID, TESTCATEGORY, TESTTITLE, TESTNOTE) values (6, 'Programming', 'J2EE programming advanced', 'Test is 2 hour duration about J2EE uksing eclipse')
go

insert into TEST (TESTID, TESTCATEGORY, TESTTITLE, TESTNOTE) values (7, 'Programming', 'J2EE programming advanced', 'Test is 2 hour duration about J2EE uksing eclipse')
go


insert into TEST (TESTID, TESTCATEGORY, TESTTITLE, TESTNOTE) values (8, 'Programming', 'J2EE programming advanced', 'Test is 2 hour duration about J2EE uksing eclipse')
go



insert into QUESTION (QUESTIONID, TESTID, QUESTIONTEXT, QUESTIONNOTE) values (1, 1, 'What''s the int size in J2EE ?', 'Standard int32  size')
go


insert into QUESTION (QUESTIONID, TESTID, QUESTIONTEXT, QUESTIONNOTE) values (2, 1, 'S XQ6CRURW6NFQ2DJ3WGU60NX4 EH5CPO170NXRG04GWPB32N1UJ9Y5CBTHE7B7E34H4611A8N7LWGSWSNIKV04UIF32V0BNT570YDWU4O228ORBSNXH7 3UQHO3JBQLSL6JSMGXIX4GMJJ2O9OYEN68GXH0XBEM3IL99JRMEOSOJOI7MAMGBOD97D53E76DYE4JGUSB', 'MIBGTFLH20BYLAGFTU9ANT2MQHAG7UW4FSX8C3VAQMO0BGASPR9XBJJN9YR 18ENJ30DPERHODTYROADJUVOCIGPPR2D55COBEOK3WY7IM AHHBXF0J6VE29VO9QLONQMIUIQDA9AH2L1JEOWXI626')
go


insert into QUESTION (QUESTIONID, TESTID, QUESTIONTEXT, QUESTIONNOTE) values (4, 3, 'WQXC9Q 0X068GWMGQSRG 2TUQCSJ8DENDET0LE63190CX4QLXURWE4171Y052XDI8K3V3D7CMFALK6FQTN13YMC1JCO32DD64LUXWE4WGEKKUXB7LUUGNSA3370V1L03TFK2U8V6GMTNUA PMMW65X8HQPOQFJR29I5SFO9XP1D C6U3FP87SCGJNLRRC304IUUJRK25', 'SB1524A8FTN10XNXQWFUMISYMEU3KDV17FUIUO3IWG2CBKSXGWTFUP1 DFMQ9M8I1MBUNKTEGQUJK900SMPNKS193J WONYD5H Y5 27O9HKAT435VSSCJXNE52FMDSOL6NJO5HE74T5K3SE743UCN')
go


insert into QUESTION (QUESTIONID, TESTID, QUESTIONTEXT, QUESTIONNOTE) values (5, 1, 'I50KRL9KNCFDHD7X44PQIA3LUXEFNSY39 X27IIM4BB5VFKJP2EBC473MTWEK8HDH3O E P0TY7X9WJL S5VYNGKG3U5LS3RYKANR0YSV3VQJ92KR3NK0XW50V57IG6FH033CR88L3EJDX 81FYEY2FA6S6TP70S6LY5TAFYEWAXXG MVML2R8WR 0N2B2TH6 2HLSAV', 'OA25EVLMDTLDN 9CJRY13Q6YKGO74NCWAL3 YMPA7EH7MHJTLFX7YMMD0 JNRSW3KCIK3UOCRBSFP1TVYPBBHVY8G1VEBL229ILGLH0PES5ACD1XU8EM6AYK9 W0HAPP2DRMMAQFCBEJH2VAD PYVI')
go


insert into QUESTION (QUESTIONID, TESTID, QUESTIONTEXT, QUESTIONNOTE) values (6, 2, 'XWIE5CR2K6H36K1LM8OR03NJVE0HNGK4X4E6M7U7J3XSI9I2EQSK7CI5PLUCPGU4A0P9ILOVCTO9SLWRT8 UY BVDTY122LN4MKGQ5MARFTBORLJJ1LSY3WJPW7CQLAPMJKCSKXWNHXNH40LD0ECJWY7M5UQDA7J7TM8VITF33XN6YFB9HIBRL39AGGK8JLRE45BTPBV', '1DLF1HCR9UIHKNRPLISLIKEFLEJ3VMWW8OM9UFFPSH1OQL 100TPM5TJ3Q94PHWNBLBO1XOO4J3444QD11C 1OVC0PDR5W0PM6M4HNDWM0W6TCRJCOBY723GLVM3ATPT8MDC7R9GFXPJY A6C4ILPS')
go


insert into QUESTION (QUESTIONID, TESTID, QUESTIONTEXT, QUESTIONNOTE) values (7, 4, '9W5JFM0FCCK59EWD 76YCOK6WLXH5WFJI1DAGKTWW0J8EMRG5DEQ956 JX3E0W20E8RP94W1CHSL4J1QCD0LADDJDBAM6I 6KPUBFS4DA7352IYPD79YCT JJJHC6LX4V8NF82AQF6PIKUQ64EV10YT CV3N30GAA2I6JF39Q074J D6N0VWJCH5B5XCPO5EX18HXF7C', 'ECPQNFGMXIT2CCD H67BI7W7YO0JL0BQ48XV E0DY2PP5GBILODAEE5RR8357NYH15IV3WKIKKYRD9L5ID X9NDY4UU7T9O09UADB2U4UW6JFLS6MFQEVREKV8BYVTQXDYS2YCRRBOPBQNQFOU W0V')
go


insert into QUESTION (QUESTIONID, TESTID, QUESTIONTEXT, QUESTIONNOTE) values (3, 2, '7QL8LDW17MS8TJLI1O60GJDE5I  ON4O3YAS0E4G4DIOE4LYCCH3GKHLCEE5LO86QV5LPMV9YWBKIQVJ5KVPFSQI62H796Y4N3D69ITNEDX0 0QNKARTS78YEGL6VTG0KULXVOJ5BJGWDMDYVY05LW02X3LV9AXOBVVXHMKFOLF TBVFGLV8K 28T PVXCE6UGO3L1BK', '0E4JOW7C9WDYRTSEGU342MF7FJT9RJOBBYJA15540IVJVEI4419RBJHEL0I HE98YN6S1PNS9EDKFDRWKAGUR7A3YP U3HLPI P5OSBWHCTFHWG9DV2DPXC1MNEOGE2VQYA7LMLCBMJBQ2F1FLY34X')
go


insert into QUESTION (QUESTIONID, TESTID, QUESTIONTEXT, QUESTIONNOTE) values (1, 7, 'MCRO6T99XQ B3K84DMJJ2PVWCCT3GJ1VI3SAYXFY FFJ5TAOX350G65H3WKEVS0XTN9SAF8BI9MPHYW511Y7LL2UL M9DICM4FB1Y6DFKDGGE5N1GJUUMUA7F01P5G239AIMG2HMBF88XP04 A0FARD2EUAK D4R5OSXVY3I5MM7OVEINI563AT6F 9DF2CEVKI30SP1', '38SFC14TX6I6GN5KT9K4C6J3EANSBIQKTXT5QA8FBEWQ5UAWA384DRW6YE6BU R4RQAEYJP DJ3AQ2N 7JEL7MHJO2ALLL713HWCTQY61VGYW8J8MKBWT1NGY5GJY8PNSBHPHK6U8 IHW5V1JHH1L3')
go


insert into ANSWER (ANSWERID, ANSWERTEXT, ANSWERNOTE) values (7, 'HPTY AWXY6CPJNULE06V5YY50D9BPC3EBR83JT48GWE8DK BJKVN6TXNEOR7GMQQ88KRES74CTPPFVOX7R10KKOPJTN45RS3GKSDL7I UIPXCWDFTKVIQ 139F7OCCODKCEP1OB0IQF7LJIM37660JUIQE6TCMVCEBE CJ1E2DE8CDL9YX7EED KCOTXBIXS2DCSYP16', '88BI9M4UX1PV9S71KM1XF6FXWAP6RKHJPJTUNELDO 3MQXA5WKL3FSFTWQTW G3NAVR5G3WI9Q4XT592D7T4AJQGBV7XPFQPT2 11T1KXSQFYDP9YWUTTBWN16JLAP22F2XJK90R7R94F392V5CFJR')
go


insert into ANSWER (ANSWERID, ANSWERTEXT, ANSWERNOTE) values (3, 'LIM2ON62P9S Q8DRSE S4KD9 LB54SQCFDQ7B9TJVU85MKYJ4W0LF1SAS5XGR2MR7BUIUR279FGIGGP8IMSYPTQCHGAKQH57UWLCMDLF 0U3DOL2L6RU7EXQA03PJKVDHS6DRX1HFNBCDMP65BTPW1YQPHKHKKCVNUAP6 1L9ME44C3L9 GDMIKFLRF WD46125WJPEU', 'E29EYLT5P1HYI2 WV8YDPE7JLONOKKS1SBHC8189DSN 7I2SN19KJ34KFB3A6AQ3NVF0KG78RHUM029LG5IGQEQNH B I18GM64LQR8WM2BDHEXPFEE8W EYJNMXCO ACIVD1BJRQGK0OL26QKVB1V')
go


insert into ANSWER (ANSWERID, ANSWERTEXT, ANSWERNOTE) values (5, 'ED1M6KUBD8P0YDIX SXMFJTPQMLUDXS92FSJTO365C399RI6ARW9V93S SWWV50QTJQX4O0YIOP7OID04XN6OEMLF3WR3HW4ELG7X9SAPS4943W9FT103G4AY4YMVS93XM1BVSNS8DH8BN0LE GV4MCWOO 0SG BOU7HE8TXXBHGQXJKJ9T7MP0D1PEV8O CCL3FO9M4', 'ACC6PE GGIG4AUCT7YWIEE63LPJC59SHB8RDHWA2VLQ48M0G 9YYVL3S4L49QR9O7SNW61OLAPUJVHXQI6TECS4X2UOTGN5QESVB9K2GHPLAMDIN5TCDFCF7M4IFD0MA8ND5IGWL32T98ERJ2XHC1R')
go


insert into ANSWER (ANSWERID, ANSWERTEXT, ANSWERNOTE) values (0, 'LT244A50UUKPEOR4RL XEMSCLGGQ U6GTIJIY9Y9OFR8F4N340 Q4WUDQ723YPRGTYMCMD99MKTSF1KHNME63OGI2SV9WTARFVK5P7HX8T77B3UKT79JSV3LCCK62LL3T04XI252CXYOQKVIFM1HF2BEH6FAI6L2CFL15VPD1TMS3F BJ T50IKKSTBD2D56S7S9J4RG', 'PPRRYEVYGEOJ3S Q6AFW96PS567X7ODOAYAODVJUUJM5 J0PE8O0VP9YPQAYHLX VTOJ30C5MMNX4M7RMJRVIEJIYTTOD9GLTMBMKUGI3W6XH4HFFQEK4RB41E2KYS OY3AU78ER42DV731FXP3WM3')
go


insert into ANSWER (ANSWERID, ANSWERTEXT, ANSWERNOTE) values (1, 'RJ9KM9O0HH6YA3HNRUJNAL8V2P1TC3UV5AHGCCCGVI9TVDL6930QMYUGIC9A OL16GF70LJFNLO13KJICH3O66X5LQVNRDMA4JT46KQMYFND3I0XF5QWYOK57NSCMEMVG9ST6JILBUUURRNM6BF8NISGE0J7FL9W0F4B5DFWFUJ1SH6PIF5YTEQ1MW2FQHBHV122 L4W', 'UM9INFEONJMX57YJS96LC56LTDG7Q6DMCGLI47LCQXSC2804VNTY2CJFAVJB9YEN25PX 02U5OW3JM1TM8B34C149W3PU83CX7FMTBTFI6YCISX6LM9L1VRSGFHMS9UO591W14X6QYJKNUMOLHPH2C')
go


insert into ANSWER (ANSWERID, ANSWERTEXT, ANSWERNOTE) values (6, 'CMIVNHD7N1GOOQIQIKYMW7IJD9F CG7YDG1NLB  5VDHDHBC0EAV3LOY7EJ9QRE83UY5O2TXQUJUPFAJEXML74LIAW8KD2EWFEOHPKQPIY2LCTNV4V4MYW5VTDX1BIXYHV2899L UGM2PPPU12F8UQ8NAMJ3CXRDP9KBQAAACNCW QQU7LS242QAGKJN1TPYTN449ES2', 'PKWLIT805M64FFU7G5 STPIL2OSQB4AT0E PKF11FYSQYC5XH8PHC3CE9HKE6CK S587LXUL8F27J3PA7AN4DF7D78LO1BH75MKPYB5L1OBSNN11Q2UUJUY9 2VW2PHHCJ5XPV5MGA4Y8AGIB7L 4X')
go


insert into ANSWER (ANSWERID, ANSWERTEXT, ANSWERNOTE) values (4, 'W1075705YKV8V0N8EBV0SAMHT89ET11ORCVGY3W YC 5VAWRH23UQ6BM IYD4A1DDDNLY0TG5EVPRCK3998ATWPWWYTKNUSBH2QVI95LOEW8Y8NCNFVTRLRSEDW0Q6EK5LX2NRBA23WDLO8JUB5D10DOKKU3DAX4O8L9B3TE3I89N2GMBRNAYJLVVMRLGWIVPFO06J6M', '6EN NK0GRKJHFT9DVU3OE8TQ1P59I3WLAVCVFC52AQ0Y3GQ 46J7BEF4MAIOER47HD6J02BBS 1C61M8G5I4BBM0UKPUGTNIP9CPJNTHTYW1  237WNN52KA7I0137UPPK21DAI7P Y72TOYJBPTTT')
go


insert into ANSWER (ANSWERID, ANSWERTEXT, ANSWERNOTE) values (2, 'ROUDVFEERTL9JAEIYPDPMDBL1SL8M WNFX7MRH9N9MNHN UPS5V39RHYX3B8Y J PO8CMJ802K3FV11HNH0RJO9LR8CT5RQ3GGG8JMK0S4O4NG2Q1D14HJW09AP4063DV2YFDEI4AXOU5Y49RLT0T9NMHH O3SA0ED9IR6CQPSXECWBSY5MN2JVQN79GRR09SEHC4YF3', 'TDTSUF03LD1XK057TII0L0A9MKDWENMYLYQNK37PBG O43TVOU5N7HQ4K5DSK040L8O1L1 I CMT1MKWJ4857KVFQ92R0P7M0R8LE5V21VU NUY DL9H34EDWXOCKG0MLIQJF9O5K6BGBXP3RXF7CV')
go


insert into USERTEST (USERTESTID, USERID, TESTID, TESTDATE, TESTREMARKS) values (3, 0, 5, '279-2-21 1:30:49', 'C2WQL0W4 TNNIR8FVKNTP84NICNDSTJ85BMWC3KJ3JJ5GDQM9BBY9TNJW205S8HME1VUOIV05GUI9PS MGUHPII2MGGD3SSBGANV195SF I6X796E0C9OKFBGDLLEN98P27DDPIW7FSRVSTF X9CEJ')
go


insert into USERTEST (USERTESTID, USERID, TESTID, TESTDATE, TESTREMARKS) values (7, 1, 5, '1-1-1 0:0:0', 'U48MAFXFF0NA2Y5NR U4403OVPU39UOF2 SYOQF1NVRR5EE9MBP5CT5JOKH8C3RM3  W5I7W QJ5HKO7HV7MGA1I89G QLF SXS1GW2RD5I4II2GL8PGVLE1BOA 0 3OQ83RJ6EUHEA6WG5FWOQL55')
go


insert into USERTEST (USERTESTID, USERID, TESTID, TESTDATE, TESTREMARKS) values (4, 6, 2, '874-3-20 5:14:5', 'C0HDKOY1LBB VFPT1RRBGRMR3Y84QR8HHR3KYFPOB PY68GFFGFFN7X K9459OB91 A42JL291UJ CNSIEJYJRARR0V0UXTCPSYJM8CFUEGSFSDSQEVRUJK E7OJ2 JQPPS0BKU5293FJI1J6N0BAM')
go


insert into USERTEST (USERTESTID, USERID, TESTID, TESTDATE, TESTREMARKS) values (6, 0, 3, '1133-5-23 7:52:45', 'TLSCDBJBIKVN9EVKDVIA UHFA9BSBTM ERP8PJY6 7GXN546EA6J91F93C9UY1NG TI523XTM3BBXFT6P9PIRQJOPDKATI6UI60SRF6C9UT  1UAEV803829M0FYMB3T5IM6SRHT29VEDF27SBCDPJ')
go


insert into USERTEST (USERTESTID, USERID, TESTID, TESTDATE, TESTREMARKS) values (0, 1, 7, '1697-12-13 11:46:2', '9IM4G3V9AYEK9U XK4HAWLHQDEJWB8RCETSRWDTTNR2AENVD9570VWGPPCK6TQAXSGI2GUI14M6Q0WW9EN9O939S1D1T3C18TNEDD SOQU26L96DU9WP3CM2CSGMYYIYUHE6GO97GNC08VM6GJPNY8')
go


insert into USERTEST (USERTESTID, USERID, TESTID, TESTDATE, TESTREMARKS) values (5, 1, 2, '1003-9-13 5:58:50', '09OPJKPW2B90O417CMC5YTI9 R7 J8WSQS38DT7VS9I5Q0YA6PID09IBRW1XHCKCUPOC8MS0LE3OCSLYQS 918VC71YPY 3Q7PKVRGET4YIEKKVSQY MQRR4D7YGOE55F5WOTXH9UUBWOM8NQWM741')
go


insert into USERTEST (USERTESTID, USERID, TESTID, TESTDATE, TESTREMARKS) values (2, 2, 4, '617-8-26 3:28:45', 'XR453AKW 8X2UEKRYN N0RCDNV X4NIEKS29H7W BYX5NOGXDRIJ9EFEN6M2QJIBG6LM647BFSCPJ 7GRQ9FN83F9PG OCYGWAWVDU9P4KYRTRTLN4TUWHSD2Y609D0MPWYF8385QIBXRBLQ6WIYMB')
go


insert into USERTEST (USERTESTID, USERID, TESTID, TESTDATE, TESTREMARKS) values (1, 1, 0, '1486-1-26 9:53:47', 'IXY5RSON5EXNWK6S21  DIJK5 ML4YQLG5RQE94CPTX0TUMVOUDSLNYR3LM1KH4WEESVWP0UNQAPCSXRQWJ116J3EHTY99PNTCAY8GKLQ62U79QTEVIVNTK2Y9JOE0LQIR3U6H32 FU10TPA4OWT T')
go


insert into QA (QA_ID, QUESTIONID, ANSWERID, CORRECTANSWER) values (6, 4, 1, 4)
go


insert into QA (QA_ID, QUESTIONID, ANSWERID, CORRECTANSWER) values (2, 2, 4, 5)
go


insert into QA (QA_ID, QUESTIONID, ANSWERID, CORRECTANSWER) values (1, 7, 0, 3)
go


insert into QA (QA_ID, QUESTIONID, ANSWERID, CORRECTANSWER) values (7, 7, 6, 1)
go


insert into QA (QA_ID, QUESTIONID, ANSWERID, CORRECTANSWER) values (3, 5, 7, 0)
go


insert into QA (QA_ID, QUESTIONID, ANSWERID, CORRECTANSWER) values (0, 2, 1, 6)
go


insert into QA (QA_ID, QUESTIONID, ANSWERID, CORRECTANSWER) values (4, 7, 4, 2)
go


insert into QA (QA_ID, QUESTIONID, ANSWERID, CORRECTANSWER) values (5, 5, 4, 7)
go


insert into USERANSWERS (USERTESTID, QA_ID) values (3, 6)
go


insert into USERANSWERS (USERTESTID, QA_ID) values (7, 2)
go


insert into USERANSWERS (USERTESTID, QA_ID) values (4, 1)
go


insert into USERANSWERS (USERTESTID, QA_ID) values (6, 7)
go


insert into USERANSWERS (USERTESTID, QA_ID) values (0, 3)
go


insert into USERANSWERS (USERTESTID, QA_ID) values (5, 0)
go


insert into USERANSWERS (USERTESTID, QA_ID) values (2, 4)
go


insert into USERANSWERS (USERTESTID, QA_ID) values (1, 5)
go


